variable,max_r
H_unigram_win_std_nats,0.29839214078738796
semicolon_rate,0.2131309285189169
dash_rate,0.2131309285189169
ellipsis_rate,0.28237648484378863
